cid,name,minvalue,maxvalue,avgvalue,year,chamber,origin,source,serialid
N00002097,Mark Warner (D-Va),76372212,309088999,192730605,2010,S,Center for Responsive Politics,,5
N00000286,Mitt Romney (R),85970233,271570014,178770123,2010,E,Center for Responsive Politics,,6
N00004309,Herb Kohl (D-Wis),88228026,258847994,173538010,2010,S,Center for Responsive Politics,,7
N99999905,Jeffrey Zients,53520052,183025000,118272526,2010,E,Center for Responsive Politics,,9
N00027626,Vernon Buchanan (R-Fla),-57239705,291979983,117370139,2010,H,Center for Responsive Politics,,10
N00000659,Frank R. Lautenberg (D-NJ),55073211,116071021,85572116,2010,S,Center for Responsive Politics,,14
N99999906,Karen Mills,42151205,116089999,79120602,2010,E,Center for Responsive Politics,,15
N00031685,Richard Blumenthal (D-Conn),55119731,91183450,73151590,2010,S,Center for Responsive Politics,,16
N00027441,Bob Corker (R-Tenn),11679048,107420996,59550022,2010,S,Center for Responsive Politics,,18
N00031647,Mike Kelly (R-Pa),7903037,61321999,34612518,2010,H,Center for Responsive Politics,,27
N00031629,Richard A. Berg (R-ND),12146147,54979033,33562590,2010,H,Center for Responsive Politics,,29
N99999914,William M. Daley,11848181,45514998,28681589,2010,E,Center for Responsive Politics,,32
N00000078,Carolyn B. Maloney (D-NY),7796017,49414994,28605505,2010,H,Center for Responsive Politics,,33
N99999927,Margaret A. Hamburg,21447035,24130019,22788527,2010,E,Center for Responsive Politics,,40
N00030962,Scott Rigell (R-Va),7819054,36119998,21969526,2010,H,Center for Responsive Politics,,44
N00027565,John Campbell (R-Calif),8438067,33024000,20731033,2010,H,Center for Responsive Politics,,46
N00029617,Kay R. Hagan (D-NC),4148690,37211977,20680333,2010,S,Center for Responsive Politics,,47
N00000480,Olympia J. Snowe (R-Maine),9426053,29270000,19348026,2010,S,Center for Responsive Politics,,48
N00029139,Bill Foster (D-Ill),6976023,29416000,18196011,2010,H,Center for Responsive Politics,,50
N00030198,Christopher J. Lee (R-NY),8334321,27363999,17849160,2010,H,Center for Responsive Politics,,52
N00006424,John McCain (R-Ariz),9249289,22785990,16017639,2010,S,Center for Responsive Politics,,57
N00029917,Parker Griffith (R-Ala),4392036,27629998,16011017,2010,H,Center for Responsive Politics,,58
N00031124,Nan Hayworth (R-NY),9347241,22463000,15905120,2010,H,Center for Responsive Politics,,59
N00009818,Shelley Berkley (D-Nev),7236882,20087837,13662359,2010,H,Center for Responsive Politics,,62
N00002599,John Linder (R-Ga),6000009,20199996,13100002,2010,H,Center for Responsive Politics,,63
N00027618,Steve Kagen (D-Wis),7431095,17641000,12536047,2010,H,Center for Responsive Politics,,64
N00005582,James M. Inhofe (R-Okla),5100056,17475999,11288027,2010,S,Center for Responsive Politics,,71
N00005329,Ben Nelson (D-Neb),6562096,13799001,10180548,2010,S,Center for Responsive Politics,,73
N00031988,Jon Runyan (R-NJ),5017042,14502000,9759521,2010,H,Center for Responsive Politics,,75
N00009775,Michael N. Castle (R-Del),3807166,13089000,8448083,2010,H,Center for Responsive Politics,,84
N00006932,David Dreier (R-Calif),4162086,12680000,8421043,2010,H,Center for Responsive Politics,,85
N00001806,James L. Oberstar (D-Minn),4184079,10185999,7185039,2010,H,Center for Responsive Politics,,94
N00002743,Allen Boyd (D-Fla),2004014,12010998,7007506,2010,H,Center for Responsive Politics,,99
N00030856,John Garamendi (D-Calif),1922009,11974997,6948503,2010,H,Center for Responsive Politics,,100
N00027526,Jean Schmidt (R-Ohio),3398056,10497000,6947528,2010,H,Center for Responsive Politics,,101
N00003762,Evan Bayh (D-Ind),4124023,9660002,6892012,2010,S,Center for Responsive Politics,,102
N00003062,Jeff Sessions (R-Ala),3224063,10460000,6842031,2010,S,Center for Responsive Politics,,104
N99999942,Eric H. Holder,3966057,8740000,6353028,2010,E,Center for Responsive Politics,,113
N00027655,Heath Shuler (D-NC),1840027,10726997,6283512,2010,H,Center for Responsive Politics,,114
N00007836,Maria Cantwell (D-Wash),2037012,10289999,6163505,2010,S,Center for Responsive Politics,,116
N00030645,Dennis Ross (R-Fla),1990008,10284998,6137503,2010,H,Center for Responsive Politics,,117
N99999958,Robert Gates,2784030,9085000,5934515,2010,E,Center for Responsive Politics,,119
N00026166,Virginia Foxx (R-NC),2755037,9102000,5928518,2010,H,Center for Responsive Politics,,120
N00013131,Eric Cantor (R-Va),2893110,8048999,5471054,2010,H,Center for Responsive Politics,,125
N00031820,Chris Coons (D-Del),3021182,7541174,5281178,2010,S,Center for Responsive Politics,,128
N00005675,Kay Bailey Hutchison (R-Texas),3082081,7405000,5243540,2010,S,Center for Responsive Politics,,129
N00006561,Tom Udall (D-NM),3068077,7299000,5183538,2010,S,Center for Responsive Politics,,130
N00012508,Tom Carper (D-Del),2058157,7155999,4607078,2010,S,Center for Responsive Politics,,142
N00029026,Niki Tsongas (D-Mass),1252045,7879998,4566021,2010,H,Center for Responsive Politics,,143
N00012739,Ander Crenshaw (R-Fla),1899018,7060000,4479509,2010,H,Center for Responsive Politics,,146
N00005681,Pete Sessions (R-Texas),2657050,6184000,4420525,2010,H,Center for Responsive Politics,,147
N00031933,William R. Keating (D-Mass),1678053,7152000,4415026,2010,H,Center for Responsive Politics,,148
N00000515,Peter Welch (D-Vt),2287107,6506000,4396553,2010,H,Center for Responsive Politics,,149
N00029070,Jim Himes (D-Conn),2603051,6045000,4324025,2010,H,Center for Responsive Politics,,152
N99999913,David Plouffe,2295095,5975000,4135047,2010,E,Center for Responsive Politics,,155
N00009869,Orrin G. Hatch (R-Utah),2195097,5729000,3962048,2010,S,Center for Responsive Politics,,159
N00025726,Tom Cole (R-Okla),2039077,5436000,3737538,2010,H,Center for Responsive Politics,,170
N00005195,Roy Blunt (R-Mo),1075021,6359998,3717509,2010,S,Center for Responsive Politics,,171
N00000898,Leonard Lance (R-NJ),2216060,5196000,3706030,2010,H,Center for Responsive Politics,,172
N00003473,Hal Rogers (R-Ky),1624344,5743339,3683841,2010,H,Center for Responsive Politics,,173
N00026341,Jim Costa (D-Calif),869009,6359998,3614503,2010,H,Center for Responsive Politics,,174
N00029370,Suzanne Kosmas (D-Fla),2267015,4914999,3591007,2010,H,Center for Responsive Politics,,175
N00027781,Mary Fallin (R-Okla),899014,6260997,3580005,2010,H,Center for Responsive Politics,,176
N00005906,Ron Paul (R-Texas),1939039,5213999,3576519,2010,H,Center for Responsive Politics,,177
N00031103,Robert Dold (R-Ill),696022,6394996,3545509,2010,H,Center for Responsive Politics,,179
N00029692,Travis W. Childers (D-Miss),1356042,5685992,3521017,2010,H,Center for Responsive Politics,,181
N00008619,Steven R. Rothman (D-NJ),1920058,5051000,3485529,2010,H,Center for Responsive Politics,,182
N00006692,Barbara Boxer (D-Calif),1267008,5631000,3449004,2010,S,Center for Responsive Politics,,183
N00030026,Blaine Luetkemeyer (R-Mo),-2784995,9599998,3407501,2010,H,Center for Responsive Politics,,185
N00001783,John D. Dingell (D-Mich),1656093,4845000,3250546,2010,H,Center for Responsive Politics,,194
N00005601,Tom Coburn (R-Okla),1039236,5343000,3191118,2010,S,Center for Responsive Politics,,196
N00006619,John Ensign (R-Nev),450006,5599999,3025002,2010,S,Center for Responsive Politics,,202
N00000179,James P. McGovern (D-Mass),602012,5104999,2853505,2010,H,Center for Responsive Politics,,205
N00001579,Allyson Schwartz (D-Pa),1699042,3961000,2830021,2010,H,Center for Responsive Politics,,207
N99999937,Kathleen Sebelius,549009,5044998,2797003,2010,E,Center for Responsive Politics,,209
N00003467,Ed Whitfield (R-Ky),1479047,4109999,2794523,2010,H,Center for Responsive Politics,,210
N00013799,J. Randy Forbes (R-Va),-12690,5511295,2749302,2010,H,Center for Responsive Politics,,212
N00030815,Charles J. Fleischmann (R-Tenn),2098812,3348803,2723807,2010,H,Center for Responsive Politics,,213
N00002260,David Price (D-NC),1369078,3962000,2665539,2010,H,Center for Responsive Politics,,214
N99999939,Arne S. Duncan,1538036,3720000,2629018,2010,E,Center for Responsive Politics,,215
N00028463,Phil Roe (R-Tenn),2151381,3071372,2611376,2010,H,Center for Responsive Politics,,217
N00003225,Stephen Ira Cohen (D-Tenn),1344074,3835000,2589537,2010,H,Center for Responsive Politics,,218
N00001955,Ben Cardin (D-Md),1284075,3790000,2537037,2010,S,Center for Responsive Politics,,220
N00013837,Gresham Barrett (R-SC),1467037,3606000,2536518,2010,H,Center for Responsive Politics,,221
N00008274,Loretta Sanchez (D-Calif),252003,4679998,2466000,2010,H,Center for Responsive Politics,,222
N99999921,Antonin Scalia,1380022,3210000,2295011,2010,J,Center for Responsive Politics,,235
N00029414,Kathleen Dahlkemper (D-Pa),1376026,3142000,2259013,2010,H,Center for Responsive Politics,,237
N00009635,Jim Marshall (D-Ga),1324051,3123000,2223525,2010,H,Center for Responsive Politics,,239
N00028049,Joseph A. Sestak Jr (D-Pa),1118067,3232000,2175033,2010,H,Center for Responsive Politics,,240
N00007312,Sam Farr (D-Calif),1319021,2910000,2114510,2010,H,Center for Responsive Politics,,241
N99999901,Rebecca Blank,1029070,3160000,2094535,2010,E,Center for Responsive Politics,,244
N00030600,Judy Chu (D-Calif),1199026,2985000,2092013,2010,H,Center for Responsive Politics,,245
N00027239,Daniel Lipinski (D-Ill),1043059,3047000,2045029,2010,H,Center for Responsive Politics,,247
N00029891,Gerry Connolly (D-Va),998048,3004998,2001523,2010,H,Center for Responsive Politics,,249
N00000616,Joe Lieberman (I-Conn),907082,3056000,1981541,2010,S,Center for Responsive Politics,,251
N00006263,Mike Simpson (R-Idaho),1515342,2334334,1924838,2010,H,Center for Responsive Politics,,253
N00005395,Mary L. Landrieu (D-La),931021,2859996,1895508,2010,S,Center for Responsive Politics,,255
N00009154,Bob Goodlatte (R-Va),1087045,2682000,1884522,2010,H,Center for Responsive Politics,,257
N00008092,Blanche Lincoln (D-Ark),1121017,2615000,1868008,2010,S,Center for Responsive Politics,,260
N00025482,Dutch Ruppersberger (D-Md),1035044,2676000,1855522,2010,H,Center for Responsive Politics,,261
N00004874,Luis V. Gutierrez (D-Ill),1053014,2496000,1774507,2010,H,Center for Responsive Politics,,268
N00026481,Dan Boren (D-Okla),925018,2610998,1768008,2010,H,Center for Responsive Politics,,269
N00006897,Brad Sherman (D-Calif),499019,2962998,1731008,2010,H,Center for Responsive Politics,,272
N00029303,Jeff Merkley (D-Ore),560028,2850996,1705512,2010,S,Center for Responsive Politics,,274
N00001691,Carl Levin (D-Mich),1029016,2360000,1694508,2010,S,Center for Responsive Politics,,276
N00000581,Chris Dodd (D-Conn),862019,2467999,1665009,2010,S,Center for Responsive Politics,,279
N00012890,Timothy V. Johnson (R-Ill),942030,2330000,1636015,2010,H,Center for Responsive Politics,,282
N00007231,Elton Gallegly (R-Calif),262021,3004997,1633509,2010,H,Center for Responsive Politics,,283
N00000812,John H. Adler (D-NJ),762071,2471000,1616535,2010,H,Center for Responsive Politics,,284
N00027048,Paul W. Hodes (D-NH),752004,1530000,1141002,2010,H,Center for Responsive Politics,,331
N00028933,Thomas J. Vilsack,644026,1635000,1139513,2010,E,Center for Responsive Politics,,332
N00031958,Steven Palazzo (R-Miss),462023,1789998,1126010,2010,H,Center for Responsive Politics,,333
N00026460,Michael McCaul (R-Texas),258618051,502205003,380411527,2010,H,Center for Responsive Politics,,2
N00006750,Jane Harman (D-Calif),160085503,493604000,326844751,2010,H,Center for Responsive Politics,,3
N00029127,Jared Polis (D-Colo),57944127,228492998,143218562,2010,H,Center for Responsive Politics,,8
N00007360,Nancy Pelosi (D-Calif),5946075,196299990,101123032,2010,H,Center for Responsive Politics,,11
N00001685,Jay Rockefeller (D-WVa),61632019,136482003,99057011,2010,S,Center for Responsive Politics,,12
N00028418,Alan Grayson (D-Fla),57435038,130358000,93896519,2010,H,Center for Responsive Politics,,13
N00007364,Dianne Feinstein (D-Calif),44386225,93707020,69046622,2010,S,Center for Responsive Politics,,17
N00029441,James E. Risch (R-Idaho),19455056,88736997,54096026,2010,S,Center for Responsive Politics,,19
N00032546,Ron Johnson (R-Wis),17062029,76836000,46949014,2010,S,Center for Responsive Politics,,21
N00031127,James B. Renacci (R-Ohio),32345756,51775662,42060709,2010,H,Center for Responsive Politics,,24
N00006423,Trent Franks (R-Ariz),11600005,56250000,33925002,2010,H,Center for Responsive Politics,,28
N00003389,Mitch McConnell (R-Ky),9839049,44587000,27213024,2010,S,Center for Responsive Politics,,37
N00031688,John Hoeven (R-ND),-12073898,55317999,21622050,2010,S,Center for Responsive Politics,,45
N00006518,Jeff Bingaman (D-NM),6895272,25606999,16251135,2010,S,Center for Responsive Politics,,56
N00029649,Jackie Speier (D-Calif),4506072,20527999,12517035,2010,H,Center for Responsive Politics,,65
N00026160,Tom Price (R-Ga),9469876,14938858,12204367,2010,H,Center for Responsive Politics,,67
N00002593,Johnny Isakson (R-Ga),6441116,17524999,11983057,2010,S,Center for Responsive Politics,,68
N00029679,John Fleming (R-La),2655824,17689760,10172792,2010,H,Center for Responsive Politics,,74
N00028073,John A. Yarmuth (D-Ky),2851010,16364999,9608004,2010,H,Center for Responsive Politics,,76
N99999925,Stephen G. Breyer,4480059,13035000,8757529,2010,J,Center for Responsive Politics,,81
N00002428,Henry Brown (R-SC),3622020,13605000,8613510,2010,H,Center for Responsive Politics,,83
N00031545,William Flores (R-Texas),3220016,12628000,7924008,2010,H,Center for Responsive Politics,,88
N00008086,Dave Camp (R-Mich),4199146,10385000,7292073,2010,H,Center for Responsive Politics,,92
N99999948,Steven Chu,3679036,10860000,7269518,2010,E,Center for Responsive Politics,,93
N00032838,Joe Manchin (D-WVa),3697087,10658000,7177543,2010,S,Center for Responsive Politics,,95
N00030682,Scott Murphy (D-NY),4101062,10156999,7129030,2010,H,Center for Responsive Politics,,96
N00003528,Charlie Wilson (D-Ohio),2032038,12054999,7043518,2010,H,Center for Responsive Politics,,97
N00006288,Walt Minnick (D-Idaho),2526062,10964998,6745530,2010,H,Center for Responsive Politics,,106
N00000444,Judd Gregg (R-NH),2992082,10235000,6613541,2010,S,Center for Responsive Politics,,108
N00030071,Kurt Schrader (D-Ore),3922063,8881000,6401531,2010,H,Center for Responsive Politics,,111
N00002793,John L. Mica (R-Fla),3201011,9600999,6401005,2010,H,Center for Responsive Politics,,112
N00031934,Daniel J. Benishek (R-Mich),3335080,7956000,5645540,2010,H,Center for Responsive Politics,,122
N00004357,Paul Ryan (R-Wis),1927101,8207000,5067050,2010,H,Center for Responsive Politics,,132
N00024760,Phil Gingrey (R-Ga),2410035,7509996,4960015,2010,H,Center for Responsive Politics,,135
N00024866,Madeleine Z. Bordallo (D-Guam),2030007,7850999,4940503,2010,H,Center for Responsive Politics,,137
N00029838,Bobby Bright (D-Ala),1451041,8215997,4833519,2010,H,Center for Responsive Politics,,139
N00026686,Al Green (D-Texas),1665011,7399999,4532505,2010,H,Center for Responsive Politics,,144
N99999934,Gary F. Locke,1356025,7614999,4485512,2010,E,Center for Responsive Politics,,145
N00007099,Ken Calvert (R-Calif),-1899989,9699994,3900002,2010,H,Center for Responsive Politics,,162
N00030968,Reid Ribble (R-Wis),833072,6857056,3845064,2010,H,Center for Responsive Politics,,165
N99999940,Shaun L.S. Donovan,1483007,6129999,3806503,2010,E,Center for Responsive Politics,,166
N00009926,Bill Nelson (D-Fla),1480007,6051000,3765503,2010,S,Center for Responsive Politics,,167
N00026080,John Barrow (D-Ga),1501003,6015000,3758001,2010,H,Center for Responsive Politics,,168
N00001604,Arlen Specter (D-Pa),1335010,5776000,3555505,2010,S,Center for Responsive Politics,,178
N00031011,Bill Owens (D-NY),2102037,4957999,3530018,2010,H,Center for Responsive Politics,,180
N00031782,Tim Scott (R-SC),915004,5949997,3432500,2010,H,Center for Responsive Politics,,184
N00013873,John Boozman (R-Ark),713011,6097999,3405505,2010,S,Center for Responsive Politics,,186
N00025330,Jo Bonner (R-Ala),1075022,5729997,3402509,2010,H,Center for Responsive Politics,,187
N00000751,Bill Pascrell Jr (D-NJ),2026041,4747000,3386520,2010,H,Center for Responsive Politics,,188
N00002656,Jack Kingston (R-Ga),2725768,3988757,3357262,2010,H,Center for Responsive Politics,,189
N99999912,Leon E Panetta,1954044,4735000,3344522,2010,E,Center for Responsive Politics,,190
N00031593,Jeff Denham (R-Calif),1060006,5599999,3330002,2010,H,Center for Responsive Politics,,191
N99999933,Ronald Kirk,1937045,4679999,3308522,2010,E,Center for Responsive Politics,,192
N99999941,Timothy F. Geithner,354024,6259998,3307011,2010,E,Center for Responsive Politics,,193
N00001489,Pat Toomey (R-Pa),1750070,4750999,3250534,2010,S,Center for Responsive Politics,,195
N00001762,Daniel K. Inouye (D-Hawaii),1968020,4404999,3186509,2010,S,Center for Responsive Politics,,197
N00001758,Chuck Grassley (R-Iowa),1654082,4711000,3182541,2010,S,Center for Responsive Politics,,198
N00030245,Bill Cassidy (R-La),1651058,4709999,3180528,2010,H,Center for Responsive Politics,,199
N00029128,Betsy Markey (D-Colo),968014,5309999,3139006,2010,H,Center for Responsive Politics,,200
N00003126,Bart Gordon (D-Tenn),1877035,4230000,3053517,2010,H,Center for Responsive Politics,,201
N00007690,Greg Walden (R-Ore),1804033,4110000,2957016,2010,H,Center for Responsive Politics,,203
N00029168,Pedro Pierluisi (3-PR),795004,5034997,2915000,2010,H,Center for Responsive Politics,,204
N00031640,Ann Marie Buerkle (R-NY),601004,5099998,2850501,2010,H,Center for Responsive Politics,,206
N00031204,Steve Southerland (R-Fla),500004,5151998,2826001,2010,H,Center for Responsive Politics,,208
N00029147,Andy Harris (R-Md),1525050,4050000,2787525,2010,H,Center for Responsive Politics,,211
N00025095,John Carter (R-Texas),415002,4819996,2617499,2010,H,Center for Responsive Politics,,216
N00024790,Jeanne Shaheen (D-NH),479021,4679993,2579507,2010,S,Center for Responsive Politics,,219
N00004613,Kent Conrad (D-ND),1447043,3461000,2454021,2010,S,Center for Responsive Politics,,223
N00002198,Nick Rahall (D-WVa),1923383,2967372,2445377,2010,H,Center for Responsive Politics,,224
N00027522,Dean Heller (R-Nev),2274118,2578110,2426114,2010,S,Center for Responsive Politics,,225
N00029277,Gary Peters (D-Mich),797165,4043999,2420582,2010,H,Center for Responsive Politics,,226
N00030676,Billy Long (R-Mo),461037,4351996,2406516,2010,H,Center for Responsive Politics,,227
N00001311,Louise M. Slaughter (D-NY),1464018,3310000,2387009,2010,H,Center for Responsive Politics,,228
N00009604,Susan A. Davis (D-Calif),1302051,3464999,2383525,2010,H,Center for Responsive Politics,,229
N00028139,Mazie K. Hirono (D-Hawaii),1350034,3374999,2362516,2010,H,Center for Responsive Politics,,230
N00030788,Tom Graves (R-Ga),1508015,3170000,2339007,2010,H,Center for Responsive Politics,,231
N99999915,Sonia Sotomayor,1420005,3245000,2332502,2010,J,Center for Responsive Politics,,232
N00024777,Ginny Brown-Waite (R-Fla),1194065,3464999,2329532,2010,H,Center for Responsive Politics,,233
N00012233,Robert E. Latta (R-Ohio),1345035,3251000,2298017,2010,H,Center for Responsive Politics,,234
N00029901,Mark Begich (D-Alaska),96052,4447995,2272023,2010,S,Center for Responsive Politics,,236
N00024759,Mike D. Rogers (R-Ala),1370018,3134999,2252508,2010,H,Center for Responsive Politics,,238
N00024922,Jeb Hensarling (R-Texas),1063025,2620000,1841512,2010,H,Center for Responsive Politics,,263
N00007335,Anna Eshoo (D-Calif),1116011,2567000,1841505,2010,H,Center for Responsive Politics,,264
N00027493,Michele Bachmann (R-Minn),912018,2654998,1783508,2010,H,Center for Responsive Politics,,267
N00027035,G. K. Butterfield (D-NC),1158645,2359625,1759135,2010,H,Center for Responsive Politics,,270
N00007419,Mike Thompson (D-Calif),846010,2614999,1730504,2010,H,Center for Responsive Politics,,273
N00001692,Eleanor Holmes Norton (D-DC),898043,2497000,1697521,2010,H,Center for Responsive Politics,,275
N99999968,Ben Bernanke,1065011,2275000,1670005,2010,E,Center for Responsive Politics,,277
N00026050,Lisa Murkowski (I-Alaska),897040,2441000,1669020,2010,S,Center for Responsive Politics,,278
N00002221,Richard Burr (R-NC),981085,2187075,1584080,2010,S,Center for Responsive Politics,,286
N00003437,Jim Bunning (R-Ky),965004,2099999,1532501,2010,S,Center for Responsive Politics,,291
N00002171,Rick Boucher (D-Va),905020,2151000,1528010,2010,H,Center for Responsive Politics,,293
N00000270,Edward J. Markey (D-Mass),868025,2121000,1494512,2010,H,Center for Responsive Politics,,295
N00024773,Stephanie Herseth Sandlin (D-SD),799012,2144998,1472005,2010,H,Center for Responsive Politics,,296
N00008051,Mark Udall (D-Colo),685048,2126000,1405524,2010,S,Center for Responsive Politics,,298
N00029285,Pete Olson (R-Texas),709034,2085000,1397017,2010,H,Center for Responsive Politics,,299
N00031623,Chip Cravaack (R-Minn),843018,1945000,1394009,2010,H,Center for Responsive Politics,,300
N00025495,Louis J. Barletta (R-Pa),169105,2613998,1391551,2010,H,Center for Responsive Politics,,301
N00026595,Charles W. Boustany Jr (R-La),1053449,1716441,1384945,2010,H,Center for Responsive Politics,,302
N00009699,Patrick J. Tiberi (R-Ohio),608033,2055998,1332015,2010,H,Center for Responsive Politics,,304
N00031227,Larry D. Bucshon (R-Ind),646052,1991000,1318526,2010,H,Center for Responsive Politics,,306
N00000964,Charles B. Rangel (D-NY),734020,1835000,1284510,2010,H,Center for Responsive Politics,,310
N00013770,Bill Shuster (R-Pa),674033,1755000,1214516,2010,H,Center for Responsive Politics,,318
N00027515,Ron Klein (D-Fla),466068,1891000,1178534,2010,H,Center for Responsive Politics,,321
N00015389,Roland Burris (D-Ill),486024,1869999,1178011,2010,S,Center for Responsive Politics,,322
N00027888,John Hall (D-NY),689024,1662000,1175512,2010,H,Center for Responsive Politics,,323
N00006249,Mike Enzi (R-Wyo),440067,1878000,1159033,2010,S,Center for Responsive Politics,,325
N00001861,Henry A. Waxman (D-Calif),625020,1676000,1150510,2010,H,Center for Responsive Politics,,327
N00000143,John W. Olver (D-Mass),604018,1635000,1119509,2010,H,Center for Responsive Politics,,335
N00013323,Sam Graves (R-Mo),515013,1700998,1108005,2010,H,Center for Responsive Politics,,336
N00004981,Dick Durbin (D-Ill),999551,1199549,1099550,2010,S,Center for Responsive Politics,,337
N00029460,Charles Djou (R-Hawaii),653014,1521000,1087007,2010,H,Center for Responsive Politics,,338
N00004208,Leonard L. Boswell (D-Iowa),650003,1484999,1067501,2010,H,Center for Responsive Politics,,340
N99999947,Peter R. Orszag,567026,1530000,1048513,2010,E,Center for Responsive Politics,,344
N00004719,Peter Roskam (R-Ill),491046,1590000,1040523,2010,H,Center for Responsive Politics,,345
N00032014,Mark Critz (D-Pa),470034,1500000,985017,2010,H,Center for Responsive Politics,,350
N00030771,Paul Gosar (R-Ariz),515003,1449999,982501,2010,H,Center for Responsive Politics,,351
N00032019,David N. Cicilline (D-RI),502004,1429999,966001,2010,H,Center for Responsive Politics,,353
N00024874,Dennis Cardoza (D-Calif),519024,1410000,964512,2010,H,Center for Responsive Politics,,354
N00009157,Doc Hastings (R-Wash),589013,1335000,962006,2010,H,Center for Responsive Politics,,355
N00030650,Frederica S. Wilson (D-Fla),563011,1345000,954005,2010,H,Center for Responsive Politics,,358
N00005818,Sheila Jackson Lee (D-Texas),470014,1399997,935005,2010,H,Center for Responsive Politics,,359
N00026790,Emanuel Cleaver (D-Mo),498013,1285000,891506,2010,H,Center for Responsive Politics,,363
N00009975,Lindsey Graham (R-SC),489790,1273783,881786,2010,S,Center for Responsive Politics,,364
N00004615,Byron L. Dorgan (D-ND),349047,1413000,881023,2010,S,Center for Responsive Politics,,365
N00030752,Jeff Duncan (R-SC),338018,1390996,864507,2010,H,Center for Responsive Politics,,368
N00030980,Kelly A. Ayotte (R-NH),422014,1304998,863506,2010,S,Center for Responsive Politics,,369
N00007068,Mary Bono Mack (R-Calif),-4928,1700999,848035,2010,H,Center for Responsive Politics,,373
N00031723,Ben Quayle (R-Ariz),138089,1554999,846544,2010,H,Center for Responsive Politics,,374
N00010084,Tim Johnson (D-SD),372035,1284000,828017,2010,S,Center for Responsive Politics,,377
N00030339,Joseph Cao (R-La),390024,1265000,827512,2010,H,Center for Responsive Politics,,378
N00001971,Elijah E. Cummings (D-Md),-243990,1874994,815502,2010,H,Center for Responsive Politics,,381
N00029459,Rob Wittman (R-Va),390028,1230000,810014,2010,H,Center for Responsive Politics,,382
N00028162,Harry E. Mitchell (D-Ariz),423014,1195000,809007,2010,H,Center for Responsive Politics,,383
N00024809,Joe Wilson (R-SC),-322988,1914994,796003,2010,H,Center for Responsive Politics,,386
N00026722,Francisco Canseco (R-Texas),49037,1519998,784517,2010,H,Center for Responsive Politics,,387
N00003288,Bennie G. Thompson (D-Miss),370026,1176000,773013,2010,H,Center for Responsive Politics,,390
N00005233,Dennis Moore (D-Kan),382025,1155000,768512,2010,H,Center for Responsive Politics,,391
N00024992,Tim Murphy (R-Pa),249055,1287000,768027,2010,H,Center for Responsive Politics,,392
N00030490,Marcia L. Fudge (D-Ohio),458012,1070000,764006,2010,H,Center for Responsive Politics,,395
N00030910,Mo Brooks (R-Ala),285047,1225000,755023,2010,H,Center for Responsive Politics,,396
N00013817,Chellie Pingree (D-Maine),500001,1000000,750000,2010,H,Center for Responsive Politics,,397
N00007033,Bob Filner (D-Calif),353017,1130999,742008,2010,H,Center for Responsive Politics,,398
N00003535,Sherrod Brown (D-Ohio),435010,1025000,730005,2010,S,Center for Responsive Politics,,399
N00027500,Amy Klobuchar (D-Minn),345029,1104000,724514,2010,S,Center for Responsive Politics,,400
N00006267,Mike Crapo (R-Idaho),241167,1204161,722664,2010,S,Center for Responsive Politics,,401
N00032441,Richard B. Nugent (R-Fla),253005,1164997,709001,2010,H,Center for Responsive Politics,,402
N00007918,Norm Dicks (D-Wash),432007,980000,706003,2010,H,Center for Responsive Politics,,403
N00013808,Thaddeus G. McCotter (R-Mich),312036,1042000,677018,2010,H,Center for Responsive Politics,,404
N00006406,Jon L. Kyl (R-Ariz),645238,708235,676736,2010,S,Center for Responsive Politics,,405
N00001764,Richard G. Lugar (R-Ind),283019,1057998,670508,2010,S,Center for Responsive Politics,,406
N00007390,George Miller (D-Calif),259013,1076999,668006,2010,H,Center for Responsive Politics,,407
N00026591,Ben Chandler (D-Ky),377013,931000,654006,2010,H,Center for Responsive Politics,,408
N00005559,Frank D. Lucas (R-Okla),-213988,1514991,650501,2010,H,Center for Responsive Politics,,409
N00003689,Steve Chabot (R-Ohio),282030,1005000,643515,2010,H,Center for Responsive Politics,,410
N00029211,Steve Driehaus (D-Ohio),357017,930000,643508,2010,H,Center for Responsive Politics,,411
N00012611,Mike Honda (D-Calif),369010,910000,639505,2010,H,Center for Responsive Politics,,412
N00000226,John F. Tierney (D-Mass),331015,941000,636007,2010,H,Center for Responsive Politics,,413
N00031317,Ted Deutch (D-Fla),345015,925000,635007,2010,H,Center for Responsive Politics,,414
N00000716,Donald M. Payne (D-NJ),181014,1074998,628006,2010,H,Center for Responsive Politics,,415
N00013855,Stephen F. Lynch (D-Mass),6009,1240998,623503,2010,H,Center for Responsive Politics,,416
N00027901,Betty Sue Sutton (D-Ohio),328023,899000,613511,2010,H,Center for Responsive Politics,,417
N00031006,Alan Nunnelee (R-Miss),364010,860000,612005,2010,H,Center for Responsive Politics,,418
N00004070,Dale E. Kildee (D-Mich),346009,866000,606004,2010,H,Center for Responsive Politics,,419
N00004961,John M. Shimkus (R-Ill),49010,1129997,589503,2010,H,Center for Responsive Politics,,420
N00024978,Henry Cuellar (D-Texas),33011,1144998,589004,2010,H,Center for Responsive Politics,,421
N00028986,Paul Broun Jr (R-Ga),309018,860000,584509,2010,H,Center for Responsive Politics,,422
N00029675,Steven Brett Guthrie (R-Ky),294030,870000,582015,2010,H,Center for Responsive Politics,,423
N00008188,Vic Snyder (D-Ark),552758,602757,577757,2010,H,Center for Responsive Politics,,424
N00000362,Jack Reed (D-RI),196042,941000,568521,2010,S,Center for Responsive Politics,,425
N00031938,Justin Amash (R-Mich),-23982,1159997,568007,2010,H,Center for Responsive Politics,,426
N00004367,Tammy Baldwin (D-Wis),169006,959998,564502,2010,H,Center for Responsive Politics,,427
N00031244,Joe Heck (R-Nev),278010,844999,561504,2010,H,Center for Responsive Politics,,428
N00030673,Bill Huizenga (R-Mich),172015,947999,560007,2010,H,Center for Responsive Politics,,429
N00031401,Michael Grimm (R-NY),50003,1069997,560000,2010,H,Center for Responsive Politics,,430
N00005883,Kevin Brady (R-Texas),242030,861000,551515,2010,H,Center for Responsive Politics,,431
N00008799,Kay Granger (R-Texas),-228982,1324996,548007,2010,H,Center for Responsive Politics,,432
N00000826,Robert E. Andrews (D-NJ),299010,795999,547504,2010,H,Center for Responsive Politics,,433
N00001469,Tim Holden (D-Pa),290020,804000,547010,2010,H,Center for Responsive Politics,,434
N00027575,Brad Ellsworth (D-Ind),229027,861000,545013,2010,H,Center for Responsive Politics,,435
N00003522,Marcy Kaptur (D-Ohio),303017,771000,537008,2010,H,Center for Responsive Politics,,436
N00001633,Joe Pitts (R-Pa),332006,730000,531003,2010,H,Center for Responsive Politics,,437
N00024770,Mike Michaud (D-Maine),253022,795000,524011,2010,H,Center for Responsive Politics,,438
N00029662,Bill Posey (R-Fla),134012,911999,523005,2010,H,Center for Responsive Politics,,439
N00005870,Gene Green (D-Texas),295006,750000,522503,2010,H,Center for Responsive Politics,,440
N00000133,Donna Christian-Christensen (D-VI),151003,884997,518000,2010,H,Center for Responsive Politics,,441
N00030736,John Carney (D-Del),185031,850000,517515,2010,H,Center for Responsive Politics,,442
N00027751,John Sarbanes (D-Md),260014,775000,517507,2010,H,Center for Responsive Politics,,443
N00028958,Jason Chaffetz (R-Utah),39014,986999,513006,2010,H,Center for Responsive Politics,,444
N00029077,Lynn Jenkins (R-Kan),195027,825000,510013,2010,H,Center for Responsive Politics,,445
N00030957,Scott Eugene Desjarlais (R-Tenn),153009,849996,501502,2010,H,Center for Responsive Politics,,446
N00006671,Lucille Roybal-Allard (D-Calif),271013,731000,501006,2010,H,Center for Responsive Politics,,447
N00027741,David Loebsack (D-Iowa),228017,770000,499008,2010,H,Center for Responsive Politics,,448
N00007458,Lynn Woolsey (D-Calif),276011,705000,490505,2010,H,Center for Responsive Politics,,449
N00005090,Jo Ann Emerson (R-Mo),121010,859996,490503,2010,H,Center for Responsive Politics,,450
N00003545,Steven C. LaTourette (R-Ohio),316004,665000,490502,2010,H,Center for Responsive Politics,,451
N99999923,Anthony M. Kennedy,315003,665000,490001,2010,J,Center for Responsive Politics,,452
N00029391,Erik Paulsen (R-Minn),170034,804000,487017,2010,H,Center for Responsive Politics,,453
N00030768,Martha Roby (R-Ala),169023,795999,482511,2010,H,Center for Responsive Politics,,454
N00031741,Todd Rokita (R-Ind),-130966,1087996,478515,2010,H,Center for Responsive Politics,,455
N00029736,Glenn Thompson (R-Pa),251005,699999,475502,2010,H,Center for Responsive Politics,,456
N00000781,Frank Pallone Jr (D-NJ),22052,924998,473525,2010,H,Center for Responsive Politics,,457
N00002073,Frank R. Wolf (R-Va),430779,514773,472776,2010,H,Center for Responsive Politics,,458
N00004436,John Kline (R-Minn),251013,691000,471006,2010,H,Center for Responsive Politics,,459
N99999944,Janet A. Napolitano,157031,780000,468515,2010,E,Center for Responsive Politics,,460
N00025464,Rodney Alexander (R-La),266005,665000,465502,2010,H,Center for Responsive Politics,,461
N00004884,Danny K. Davis (D-Ill),282014,639000,460507,2010,H,Center for Responsive Politics,,462
N00031877,Karen Bass (D-Calif),265005,651000,458002,2010,H,Center for Responsive Politics,,463
N00003105,Marsha Blackburn (R-Tenn),193025,720000,456512,2010,H,Center for Responsive Politics,,464
N00027462,Gus Bilirakis (R-Fla),88033,819999,454016,2010,H,Center for Responsive Politics,,465
N00029146,Frank M. Kratovil Jr (D-Md),127009,779999,453504,2010,H,Center for Responsive Politics,,466
N00032088,Bill Johnson (R-Ohio),118053,782000,450026,2010,H,Center for Responsive Politics,,467
N00027464,Bruce Braley (D-Iowa),206018,667000,436509,2010,H,Center for Responsive Politics,,468
N00026335,Daniel Webster (R-Fla),221009,640000,430504,2010,H,Center for Responsive Politics,,469
N00000528,Bernie Sanders (I-Vt),-56988,914996,429004,2010,S,Center for Responsive Politics,,470
N00000699,Robert Menendez (D-NJ),217005,629999,423502,2010,S,Center for Responsive Politics,,471
N00004572,John Thune (R-SD),170023,676000,423011,2010,S,Center for Responsive Politics,,472
N00026171,Charlie Dent (R-Pa),133047,707000,420023,2010,H,Center for Responsive Politics,,473
N00026627,Patrick McHenry (R-NC),-3985,839998,418006,2010,H,Center for Responsive Politics,,474
N00029327,Mark Schauer (D-Mich),204017,626000,415008,2010,H,Center for Responsive Politics,,475
N00003209,John J. Duncan Jr (R-Tenn),169022,660000,414511,2010,H,Center for Responsive Politics,,476
N00002269,Bob Etheridge (D-NC),125037,703000,414018,2010,H,Center for Responsive Politics,,477
N00007936,Brian Baird (D-Wash),-352988,1179998,413505,2010,H,Center for Responsive Politics,,478
N00005794,Chet Edwards (D-Texas),178020,638000,408010,2010,H,Center for Responsive Politics,,479
N00007833,Adam Smith (D-Wash),190015,625000,407507,2010,H,Center for Responsive Politics,,480
N00024852,John Cornyn (R-Texas),153014,631999,392506,2010,S,Center for Responsive Politics,,481
N00008046,Barbara Lee (D-Calif),252006,533000,392503,2010,H,Center for Responsive Politics,,482
N00009759,Rick Larsen (D-Wash),155023,626000,390511,2010,H,Center for Responsive Politics,,483
N00002408,James E. Clyburn (D-SC),220772,555763,388267,2010,H,Center for Responsive Politics,,484
N00006052,Mac Thornberry (R-Texas),238004,535000,386502,2010,H,Center for Responsive Politics,,485
N00024871,David Scott (D-Ga),-248997,1014999,383001,2010,H,Center for Responsive Politics,,486
N00030612,Marco Rubio (R-Fla),-75987,834998,379505,2010,S,Center for Responsive Politics,,487
N00000280,Bill Delahunt (D-Mass),250002,501000,375501,2010,H,Center for Responsive Politics,,488
N00007151,Dana Rohrabacher (R-Calif),1,749999,375000,2010,H,Center for Responsive Politics,,489
N00032416,Rob Woodall (R-Ga),217006,530000,373503,2010,H,Center for Responsive Politics,,490
N00009828,Ciro D. Rodriguez (D-Texas),-283992,1015997,366002,2010,H,Center for Responsive Politics,,491
N00024842,Joe Courtney (D-Conn),133021,595000,364010,2010,H,Center for Responsive Politics,,492
N00027703,Chris Carney (D-Pa),211009,516000,363504,2010,H,Center for Responsive Politics,,493
N00026885,Dave Reichert (R-Wash),178009,545000,361504,2010,H,Center for Responsive Politics,,494
N00027503,Bob Casey (D-Pa),159019,563000,361009,2010,S,Center for Responsive Politics,,495
N00009586,Hilda L. Solis (D-Calif),180005,534999,357502,2010,E,Center for Responsive Politics,,496
N00003875,Baron Hill (D-Ind),174013,536000,355006,2010,H,Center for Responsive Politics,,497
N00000743,Scott Garrett (R-NJ),188014,521000,354507,2010,H,Center for Responsive Politics,,498
N00004956,Jerry F. Costello (D-Ill),195005,500000,347502,2010,H,Center for Responsive Politics,,499
N00008264,Ed Royce (R-Calif),154014,536000,345007,2010,H,Center for Responsive Politics,,500
N00002685,Saxby Chambliss (R-Ga),164009,511000,337504,2010,S,Center for Responsive Politics,,501
N00009738,John Culberson (R-Texas),185002,490000,337501,2010,H,Center for Responsive Politics,,502
N00001945,Barbara A. Mikulski (D-Md),156016,517000,336508,2010,S,Center for Responsive Politics,,503
N00027623,Adrian Smith (R-Neb),125013,534999,330006,2010,H,Center for Responsive Politics,,504
N00005181,Russ Carnahan (D-Mo),151003,504999,328001,2010,H,Center for Responsive Politics,,505
N00001725,Jay Inslee (D-Wash),106023,541000,323511,2010,H,Center for Responsive Politics,,506
N00025692,Kendrick B. Meek (D-Fla),70027,561999,316013,2010,H,Center for Responsive Politics,,507
N00009571,Mike Ross (D-Ark),128010,479999,304004,2010,H,Center for Responsive Politics,,508
N00031945,Hansen Clarke (D-Mich),163009,445000,304004,2010,H,Center for Responsive Politics,,509
N00001110,Anthony D. Weiner (D-NY),116018,491000,303509,2010,H,Center for Responsive Politics,,510
N00028152,Kevin McCarthy (R-Calif),114016,485000,299508,2010,H,Center for Responsive Politics,,511
N00013820,Chris Van Hollen (D-Md),148007,445000,296503,2010,H,Center for Responsive Politics,,512
N00008113,Earl Pomeroy (D-ND),143010,445000,294005,2010,H,Center for Responsive Politics,,513
N00026163,Lynn A. Westmoreland (R-Ga),-7947994,8529997,291001,2010,H,Center for Responsive Politics,,514
N00002299,Walter B. Jones Jr (R-NC),125014,452000,288507,2010,H,Center for Responsive Politics,,515
N00027649,Tim Huelskamp (R-Kan),114015,460000,287007,2010,H,Center for Responsive Politics,,516
N00001127,Joseph Crowley (D-NY),82020,489999,286009,2010,H,Center for Responsive Politics,,517
N00000575,John B. Larson (D-Conn),135008,425000,280004,2010,H,Center for Responsive Politics,,518
N00027664,Jason Altmire (D-Pa),149009,410000,279504,2010,H,Center for Responsive Politics,,519
N00012457,Jesse Jackson Jr (D-Ill),111015,442000,276507,2010,H,Center for Responsive Politics,,520
N00030744,Mike Pompeo (R-Kan),66028,469000,267514,2010,H,Center for Responsive Politics,,521
N00002083,Jim Moran (D-Va),88018,445000,266509,2010,H,Center for Responsive Politics,,522
N00003924,Steve Buyer (R-Ind),155008,375000,265004,2010,H,Center for Responsive Politics,,523
N00005105,Ike Skelton (D-Mo),69015,459999,264507,2010,H,Center for Responsive Politics,,524
N00009668,Mike Rogers (R-Mich),136011,391000,263505,2010,H,Center for Responsive Politics,,525
N00031857,Steve Womack (R-Ark),122009,405000,263504,2010,H,Center for Responsive Politics,,526
N00004558,Collin C. Peterson (D-Minn),136010,390000,263005,2010,H,Center for Responsive Politics,,527
N00007248,Devin Nunes (R-Calif),151003,365000,258001,2010,H,Center for Responsive Politics,,528
N00027229,Michael G. Fitzpatrick (R-Pa),151003,365000,258001,2010,H,Center for Responsive Politics,,529
N00026631,Jeffrey Lane Fortenberry (R-Neb),-394992,909998,257503,2010,H,Center for Responsive Politics,,530
N00031134,Patrick L. Meehan (R-Pa),75019,425000,250009,2010,H,Center for Responsive Politics,,531
N00001746,Chaka Fattah (D-Pa),150002,350000,250001,2010,H,Center for Responsive Politics,,532
N00025093,Brad Miller (D-NC),42028,455000,248514,2010,H,Center for Responsive Politics,,533
N00027467,Timothy J. Walz (D-Minn),-102992,597996,247502,2010,H,Center for Responsive Politics,,534
N00000491,Susan Collins (R-Maine),145005,350000,247502,2010,S,Center for Responsive Politics,,535
N00030801,Frank Guinta (R-NH),-457982,949996,246007,2010,H,Center for Responsive Politics,,536
N00027894,James D. Jordan (R-Ohio),119008,362000,240504,2010,H,Center for Responsive Politics,,537
N00025237,Steven A. King (R-Iowa),130003,350000,240001,2010,H,Center for Responsive Politics,,538
N00001082,Edolphus Towns (D-NY),-290985,769997,239506,2010,H,Center for Responsive Politics,,539
N00029412,Steve C. Austria (R-Ohio),107008,355000,231004,2010,H,Center for Responsive Politics,,540
N00001669,Joseph R. Biden Jr (D-Del),-258970,714994,228012,2010,E,Center for Responsive Politics,,541
N00005321,Lee Terry (R-Neb),61020,391000,226010,2010,H,Center for Responsive Politics,,542
N00026368,Tim Walberg (R-Mich),50023,401000,225511,2010,H,Center for Responsive Politics,,543
N00013846,Jeff Miller (R-Fla),-192994,639997,223501,2010,H,Center for Responsive Politics,,544
N00004724,Jan Schakowsky (D-Ill),12025,433999,223012,2010,H,Center for Responsive Politics,,545
N00029377,Deborah Halvorson (D-Ill),131005,315000,223002,2010,H,Center for Responsive Politics,,546
N00004155,Peter Hoekstra (R-Mich),51015,393999,222507,2010,H,Center for Responsive Politics,,547
N00024870,Linda Sanchez (D-Calif),-243978,679997,218009,2010,H,Center for Responsive Politics,,548
N00031129,James Lankford (R-Okla),60018,375000,217509,2010,H,Center for Responsive Politics,,549
N00004394,David R. Obey (D-Wis),119007,310000,214503,2010,H,Center for Responsive Politics,,550
N00032762,Carte Goodwin (D-WVa),111006,315000,213003,2010,S,Center for Responsive Politics,,551
N00013744,Diane E. Watson (D-Calif),102004,320000,211002,2010,H,Center for Responsive Politics,,552
N00002147,Robert C. Scott (D-Va),-352944,770995,209025,2010,H,Center for Responsive Politics,,553
N00030418,Gregorio Kilili Cama Sablan (I-MP),118006,295000,206503,2010,H,Center for Responsive Politics,,554
N00032029,Morgan Griffith (R-Va),-12997,419999,203501,2010,H,Center for Responsive Politics,,555
N00029161,John A. Boccieri (D-Ohio),36022,365000,200511,2010,H,Center for Responsive Politics,,556
N00024875,Melissa Bean (D-Ill),25025,375000,200012,2010,H,Center for Responsive Politics,,557
N00001003,Eliot L. Engel (D-NY),68005,329999,199002,2010,H,Center for Responsive Politics,,558
N00007087,Jerry Lewis (R-Calif),195000,195000,195000,2010,H,Center for Responsive Politics,,559
N00025280,Tim Ryan (D-Ohio),102004,281000,191502,2010,H,Center for Responsive Politics,,560
N00027523,Albio Sires (D-NJ),97006,280000,188503,2010,H,Center for Responsive Politics,,561
N00029131,Allen B. West (R-Fla),-102992,454998,176003,2010,H,Center for Responsive Politics,,562
N00013847,John Sullivan (R-Okla),100001,250000,175000,2010,H,Center for Responsive Politics,,563
N00001373,Mike Doyle (D-Pa),15003,334998,175000,2010,H,Center for Responsive Politics,,564
N00031998,Chris Gibson (R-NY),100001,250000,175000,2010,H,Center for Responsive Politics,,565
N00026586,Joe Donnelly (D-Ind),76010,272000,174005,2010,H,Center for Responsive Politics,,566
N00008144,Todd Tiahrt (R-Kan),43016,296000,169508,2010,H,Center for Responsive Politics,,567
N00025284,Raul M. Grijalva (D-Ariz),37010,289999,163504,2010,H,Center for Responsive Politics,,568
N00002327,Sue Myrick (R-NC),14009,309999,162004,2010,H,Center for Responsive Politics,,569
N00026892,Ken Salazar (D-Colo),-597995,919997,161001,2010,E,Center for Responsive Politics,,570
N00009677,Todd Akin (R-Mo),31017,290000,160508,2010,H,Center for Responsive Politics,,571
N00029632,Gregg Harper (R-Miss),-148996,464999,158001,2010,H,Center for Responsive Politics,,572
N00001193,Pete King (R-NY),101003,215000,158001,2010,H,Center for Responsive Politics,,573
N00030770,Rick Crawford (R-Ark),101003,215000,158001,2010,H,Center for Responsive Politics,,574
N00007632,Eni F. H. Faleomavaega (D-AS),-214989,525999,155505,2010,H,Center for Responsive Politics,,575
N00025025,Jim Gerlach (R-Pa),63007,245000,154003,2010,H,Center for Responsive Politics,,576
N00002872,Lincoln Diaz-Balart (R-Fla),35008,259999,147503,2010,H,Center for Responsive Politics,,577
N00004005,Carolyn Cheeks Kilpatrick (D-Mich),16012,276999,146505,2010,H,Center for Responsive Politics,,578
N00027060,Brian M. Higgins (D-NY),16011,275999,146005,2010,H,Center for Responsive Politics,,579
N00030667,Adam Kinzinger (R-Ill),50008,225000,137504,2010,H,Center for Responsive Politics,,580
N00026457,Ted Poe (R-Texas),-21985,294999,136507,2010,H,Center for Responsive Politics,,581
N00003280,Roger Wicker (R-Miss),-670980,936997,133008,2010,S,Center for Responsive Politics,,582
N00009918,Patrick Leahy (D-Vt),49007,210000,129503,2010,S,Center for Responsive Politics,,583
N00028133,Douglas L. Lamborn (R-Colo),49007,210000,129503,2010,H,Center for Responsive Politics,,584
N00000153,Richard E. Neal (D-Mass),67010,186000,126505,2010,H,Center for Responsive Politics,,585
N00002356,Mike McIntyre (D-NC),67006,182000,124503,2010,H,Center for Responsive Politics,,586
N00006882,Howard P. (Buck) Mckeon (R-Calif),50002,184999,117500,2010,H,Center for Responsive Politics,,587
N00001817,C. W. Bill Young (R-Fla),66003,165000,115501,2010,H,Center for Responsive Politics,,588
N00007232,Lois Capps (D-Calif),-3974987,4200999,113006,2010,H,Center for Responsive Politics,,589
N00009824,David Wu (D-Ore),-1991,221999,110004,2010,H,Center for Responsive Politics,,590
N00030780,Cory Gardner (R-Colo),-10987,221999,105506,2010,H,Center for Responsive Politics,,591
N00024862,Geoff Davis (R-Ky),46004,165000,105502,2010,H,Center for Responsive Politics,,592
N00026961,Yvette D. Clarke (D-NY),35007,175000,105003,2010,H,Center for Responsive Politics,,593
N00029273,Aaron Schock (R-Ill),-916584,1118411,100913,2010,H,Center for Responsive Politics,,594
N00031265,Robert Hurt (R-Va),18005,179999,99002,2010,H,Center for Responsive Politics,,595
N00002460,Bob Inglis (R-SC),10004,184999,97501,2010,H,Center for Responsive Politics,,596
N00028859,Larry Kissell (D-NC),-6991,194999,94004,2010,H,Center for Responsive Politics,,597
N00027566,Christopher S. Murphy (D-Conn),-28992,209998,90503,2010,H,Center for Responsive Politics,,598
N00003765,Mike Pence (R-Ind),11015,169000,90007,2010,H,Center for Responsive Politics,,599
N00012539,Mark Kirk (R-Ill),33005,145000,89002,2010,S,Center for Responsive Politics,,600
N00012942,Betty McCollum (D-Minn),11011,165000,88005,2010,H,Center for Responsive Politics,,601
N00009719,Todd Platts (R-Pa),21014,147000,84007,2010,H,Center for Responsive Politics,,602
N00006789,Grace Napolitano (D-Calif),-198997,364999,83001,2010,H,Center for Responsive Politics,,603
N00005656,Joe Barton (R-Texas),32004,130000,81002,2010,H,Center for Responsive Politics,,604
N00000036,Russ Feingold (D-Wis),2,150999,75500,2010,S,Center for Responsive Politics,,605
N00031777,Tom Marino (R-Pa),-366518,517474,75478,2010,H,Center for Responsive Politics,,606
N00002577,John Lewis (D-Ga),9009,135000,72004,2010,H,Center for Responsive Politics,,607
N00029835,Martin Heinrich (D-NM),19015,120000,69507,2010,H,Center for Responsive Politics,,608
N00030670,Todd Young (R-Ind),-4997,134999,65001,2010,H,Center for Responsive Politics,,609
N00009573,Jeff Flake (R-Ariz),-219997,349999,65001,2010,H,Center for Responsive Politics,,610
N00006863,Tom McClintock (R-Calif),19005,110000,64502,2010,H,Center for Responsive Politics,,611
N00027890,Michael Arcuri (D-NY),-173990,294998,60504,2010,H,Center for Responsive Politics,,612
N00005960,Charlie A. Gonzalez (D-Texas),-163995,280998,58501,2010,H,Center for Responsive Politics,,613
N00001821,Steny H. Hoyer (D-Md),18005,96000,57002,2010,H,Center for Responsive Politics,,614
N00030880,Trey Gowdy (R-SC),-231995,344999,56502,2010,H,Center for Responsive Politics,,615
N00008028,Sam Johnson (R-Texas),17003,80000,48501,2010,H,Center for Responsive Politics,,616
N00009816,Chris Smith (R-NJ),45967,45967,45967,2010,H,Center for Responsive Politics,,617
N00030581,Mike Quigley (D-Ill),-34998,119998,42500,2010,H,Center for Responsive Politics,,618
N00029562,Ben R. Lujan (D-NM),16002,65000,40501,2010,H,Center for Responsive Politics,,619
N00025292,Rob Bishop (R-Utah),16002,65000,40501,2010,H,Center for Responsive Politics,,620
N00002472,James W. DeMint (R-SC),16002,65000,40501,2010,S,Center for Responsive Politics,,621
N00026914,Gwen Moore (D-Wis),5005,75000,40002,2010,H,Center for Responsive Politics,,622
N00011971,Dan Lungren (R-Calif),2003,70000,36001,2010,H,Center for Responsive Politics,,623
N00003572,Dennis J. Kucinich (D-Ohio),4007,63000,33503,2010,H,Center for Responsive Politics,,624
N00003350,Gene Taylor (D-Miss),15001,50000,32500,2010,H,Center for Responsive Politics,,625
N00001813,Jose E. Serrano (D-NY),15001,50000,32500,2010,H,Center for Responsive Politics,,626
N00029784,Glenn Nye (D-Va),-484998,549998,32500,2010,H,Center for Responsive Politics,,627
N00031104,Randy Hultgren (R-Ill),15001,50000,32500,2010,H,Center for Responsive Politics,,628
N00012460,William L. Clay Jr (D-Mo),4004,60000,32002,2010,H,Center for Responsive Politics,,629
N00028249,Donna Edwards (D-Md),16423,45420,30921,2010,H,Center for Responsive Politics,,630
N00000939,Jerrold Nadler (D-NY),1002,55000,28001,2010,H,Center for Responsive Politics,,631
N00007089,Joe Baca (D-Calif),3004,46000,24502,2010,H,Center for Responsive Politics,,632
N00004723,Joe Walsh (R-Ill),3004,46000,24502,2010,H,Center for Responsive Politics,,633
N00030184,Cedric L. Richmond (D-La),-48996,86998,19001,2010,H,Center for Responsive Politics,,634
N00030926,Sandy Adams (R-Fla),2004,32000,17002,2010,H,Center for Responsive Politics,,635
N00031696,Mike Lee (R-Utah),-117995,149997,16001,2010,S,Center for Responsive Politics,,636
N00028091,Carol Shea-Porter (D-NH),2002,30000,16001,2010,H,Center for Responsive Politics,,637
N00004643,Max Baucus (D-Mont),-89990,109999,10004,2010,S,Center for Responsive Politics,,638
N00026926,Jerry McNerney (D-Calif),1003,17000,9001,2010,H,Center for Responsive Politics,,639
N00008122,Eddie Bernice Johnson (D-Texas),1002,16000,8501,2010,H,Center for Responsive Politics,,640
N00013823,Mark Pryor (D-Ark),1001,16000,8500,2010,S,Center for Responsive Politics,,641
N00030196,Paul Tonko (D-NY),1001,15000,8000,2010,H,Center for Responsive Politics,,642
N00006067,Silvestre Reyes (D-Texas),1001,15000,8000,2010,H,Center for Responsive Politics,,643
N00031887,David Rivera (R-Fla),-148998,164999,8000,2010,H,Center for Responsive Politics,,644
N00031559,Jaime Herrera (R-Wash),1001,15000,8000,2010,H,Center for Responsive Politics,,645
N00029339,Tom Perriello (D-Va),-67996,79999,6001,2010,H,Center for Responsive Politics,,646
N00002713,Corrine Brown (D-Fla),-12998,20000,3501,2010,H,Center for Responsive Politics,,647
N00003159,Zach Wamp (R-Tenn),2,2000,1001,2010,H,Center for Responsive Politics,,648
N00001171,Gregory W. Meeks (D-NY),0,0,0,2010,H,Center for Responsive Politics,,649
N00004887,Bobby L. Rush (D-Ill),0,0,0,2010,H,Center for Responsive Politics,,650
N00029258,Duncan D. Hunter (R-Calif),0,0,0,2010,H,Center for Responsive Politics,,651
N00030767,Ted Kaufman (D-Del),0,0,0,2010,S,Center for Responsive Politics,,652
N00027848,Hank Johnson (D-Ga),0,0,0,2010,H,Center for Responsive Politics,,653
N00028234,Phil Hare (D-Ill),0,0,0,2010,H,Center for Responsive Politics,,654
N00028257,Keith Ellison (D-Minn),-47994,18999,-14497,2010,H,Center for Responsive Politics,,655
N00009660,Steve Scalise (R-La),-61996,20999,-20498,2010,H,Center for Responsive Politics,,656
N00031297,Tim Griffin (R-Ark),-129993,80997,-24498,2010,H,Center for Responsive Politics,,657
N00029513,Andre Carson (D-Ind),-82996,30999,-25998,2010,H,Center for Responsive Politics,,658
N00026106,Debbie Wasserman Schultz (D-Fla),-289989,234997,-27496,2010,H,Center for Responsive Politics,,659
N00004933,Ray LaHood,-326989,264996,-30996,2010,E,Center for Responsive Politics,,660
N00031377,Raul Labrador (R-Idaho),-130993,66997,-31998,2010,H,Center for Responsive Politics,,661
N00004118,Deborah Ann Stabenow (D-Mich),-50000,-15001,-32500,2010,S,Center for Responsive Politics,,662
N00025337,Mario Diaz-Balart (R-Fla),-50000,-15001,-32500,2010,H,Center for Responsive Politics,,663
N00006425,John Shadegg (R-Ariz),-249997,154996,-47500,2010,H,Center for Responsive Politics,,664
N00013345,Steve Israel (D-NY),-134998,24998,-55000,2010,H,Center for Responsive Politics,,665
N00009570,Artur Davis (D-Ala),-113999,-25002,-69500,2010,H,Center for Responsive Politics,,666
N00030891,Marlin A. Stutzman (R-Ind),-289988,120997,-84495,2010,H,Center for Responsive Politics,,667
N00031513,Renee Ellmers (R-NC),-382993,199999,-91497,2010,H,Center for Responsive Politics,,668
N00027891,Dan Maffei (D-NY),-150000,-65002,-107501,2010,H,Center for Responsive Politics,,669
N00032022,Kristi Lynn Noem (R-SD),-643990,419998,-111996,2010,H,Center for Responsive Politics,,670
N00004029,John Conyers Jr (D-Mich),-199999,-40003,-120001,2010,H,Center for Responsive Politics,,671
N00031502,Kevin W. Yoder (R-Kan),-243994,-5004,-124499,2010,H,Center for Responsive Politics,,672
N00001102,Nydia M. Velazquez (D-NY),-4248997,3954998,-146999,2010,H,Center for Responsive Politics,,673
N00026148,Louis B. Gohmert Jr (R-Texas),-200000,-100002,-150001,2010,H,Center for Responsive Politics,,674
N00027594,Patrick J. Murphy (D-Pa),-283998,-25006,-154502,2010,H,Center for Responsive Politics,,675
N00002674,Sanford D. Bishop Jr (D-Ga),-430990,111998,-159496,2010,H,Center for Responsive Politics,,676
N00030967,Sean P. Duffy (R-Wis),-489989,154994,-167497,2010,H,Center for Responsive Politics,,677
N00030622,Terri Sewell (D-Ala),-851983,504996,-173493,2010,H,Center for Responsive Politics,,678
N00004196,Bart Stupak (D-Mich),-722990,364998,-178996,2010,H,Center for Responsive Politics,,679
N00029112,Laura Richardson (D-Calif),-1229987,478996,-375495,2010,H,Center for Responsive Politics,,680
N00026431,John Salazar (D-Colo),-4798997,3849995,-474501,2010,H,Center for Responsive Politics,,681
N00006008,Ruben Hinojosa (D-Texas),-5360972,9995,-2675488,2010,H,Center for Responsive Politics,,682
N00031141,Steve Fincher (R-Tenn),-5964999,-640008,-3302503,2010,H,Center for Responsive Politics,,683
N00002884,Alcee L. Hastings (D-Fla),-7348999,-2115006,-4732002,2010,H,Center for Responsive Politics,,684
N00007017,Darrell Issa (R-Calif),195400035,700850000,448125017,2010,H,Center for Responsive Politics,,1
N00000245,John Kerry (D-Mass),181469521,281976067,231722794,2010,S,Center for Responsive Politics,,4
N00026710,Kenny Marchant (R-Texas),28276794,70403757,49340275,2010,H,Center for Responsive Politics,,20
N00006954,Gary Miller (R-Calif),17454056,74562000,46008028,2010,H,Center for Responsive Politics,,22
N00000684,Rodney Frelinghuysen (R-NJ),20350188,65451000,42900594,2010,H,Center for Responsive Politics,,23
N00001024,Nita M. Lowey (D-NY),15395036,67025000,41210018,2010,H,Center for Responsive Politics,,25
N99999935,Susan E. Rice,26109178,46710011,36409594,2010,E,Center for Responsive Politics,,26
N00031539,Diane Lynn Black (R-Tenn),-7315946,69860990,31272522,2010,H,Center for Responsive Politics,,30
N00000019,Hillary Clinton,10740011,51650000,31195005,2010,E,Center for Responsive Politics,,31
N00004426,Tom Petri (R-Wis),10346025,45865999,28106012,2010,H,Center for Responsive Politics,,34
N00030197,Richard L Hanna (R-NY),13725124,41950000,27837562,2010,H,Center for Responsive Politics,,35
N99999924,Ruth Bader Ginsburg,10365017,45030000,27697508,2010,J,Center for Responsive Politics,,36
N00031672,Blake Farenthold (R-Texas),11188102,42120996,26654549,2010,H,Center for Responsive Politics,,38
N00027694,Claire McCaskill (D-Mo),17900212,35122006,26511109,2010,S,Center for Responsive Politics,,39
N00012672,Steve Pearce (R-NM),8033014,37245000,22639007,2010,H,Center for Responsive Politics,,41
N00009888,Lamar Alexander (R-Tenn),9651050,35424999,22538024,2010,S,Center for Responsive Politics,,42
N00002492,John M. Spratt Jr (D-SC),7235019,37190996,22213007,2010,H,Center for Responsive Politics,,43
N00004291,F. James Sensenbrenner Jr (R-Wis),15678876,21782825,18730850,2010,H,Center for Responsive Politics,,49
N00000360,Patrick J. Kennedy (D-RI),6065004,30150000,18107502,2010,H,Center for Responsive Politics,,51
N00000615,Rosa L. DeLauro (D-Conn),5844020,27407996,16626008,2010,H,Center for Responsive Politics,,53
N00004207,Tom Harkin (D-Iowa),10276123,22918001,16597062,2010,S,Center for Responsive Politics,,54
N00004133,Fred Upton (R-Mich),7762217,24814999,16288608,2010,H,Center for Responsive Politics,,55
N00006023,Lloyd Doggett (D-Texas),8276090,21740999,15008544,2010,H,Center for Responsive Politics,,60
N00029788,Cynthia Marie Lummis (R-Wyo),5551023,24092999,14822011,2010,H,Center for Responsive Politics,,61
N00030608,Michael F. Bennet (D-Colo),4986027,19465000,12225513,2010,S,Center for Responsive Politics,,66
N00026043,Randy Neugebauer (R-Texas),5172075,17933997,11553036,2010,H,Center for Responsive Politics,,69
N00024813,Rahm Emanuel (D-Ill),6248060,16635000,11441530,2010,E,Center for Responsive Politics,,70
N00002214,Alan B. Mollohan (D-WVa),-1016982,21595994,10289506,2010,H,Center for Responsive Politics,,72
N00031005,Vicky Hartzler (R-Mo),3154027,14634997,8894512,2010,H,Center for Responsive Politics,,77
N00027533,Sheldon Whitehouse (D-RI),3475226,14290999,8883112,2010,S,Center for Responsive Politics,,78
N00031681,David B. McKinley (R-WVa),4459077,13161000,8810038,2010,H,Center for Responsive Politics,,79
N00003682,Rob Portman (R-Ohio),1325069,16283999,8804534,2010,S,Center for Responsive Politics,,80
N00029016,Al Franken (D-Minn),4554050,12941000,8747525,2010,S,Center for Responsive Politics,,82
N00009920,Richard C. Shelby (R-Ala),4942044,11805002,8373523,2010,S,Center for Responsive Politics,,86
N00031503,Jeffrey M. Landry (R-La),3326016,13084997,8205506,2010,H,Center for Responsive Politics,,87
N00007584,Wally Herger (R-Calif),2956018,12115000,7535509,2010,H,Center for Responsive Politics,,89
N00003132,Jim Cooper (D-Tenn),3712040,11232000,7472020,2010,H,Center for Responsive Politics,,90
N00009638,Barack Obama (D),2802012,11830000,7316006,2010,E,Center for Responsive Politics,,91
N00009618,Adam H. Putnam (R-Fla),3541025,10515000,7028012,2010,H,Center for Responsive Politics,,98
N00007724,Ron Wyden (D-Ore),5734033,7960004,6847018,2010,S,Center for Responsive Politics,,103
N00009922,Harry Reid (D-Nev),3302053,10309999,6806026,2010,S,Center for Responsive Politics,,105
N00003254,John Tanner (D-Tenn),2220052,11080000,6650026,2010,H,Center for Responsive Politics,,107
N00027509,Scott Tipton (R-Colo),2918074,10095000,6506537,2010,H,Center for Responsive Politics,,109
N00000423,Charles Bass (R-NH),3164021,9712000,6438010,2010,H,Center for Responsive Politics,,110
N00006460,David Schweikert (R-Ariz),1480029,10849994,6165011,2010,H,Center for Responsive Politics,,115
N00028058,James Webb (D-Va),1313190,10949997,6131593,2010,S,Center for Responsive Politics,,118
N00006236,John A. Barrasso (R-Wyo),2713015,8747000,5730007,2010,S,Center for Responsive Politics,,121
N00004762,Judy Biggert (R-Ill),2147063,9129999,5638531,2010,H,Center for Responsive Politics,,123
N00005244,Sam Brownback (R-Kan),2762062,8472000,5617031,2010,S,Center for Responsive Politics,,124
N00002782,Cliff Stearns (R-Fla),2018033,8897996,5458014,2010,H,Center for Responsive Politics,,126
N00002017,Roscoe G. Bartlett (R-Md),2432016,8180000,5306008,2010,H,Center for Responsive Politics,,127
N00026041,Mike Conaway (R-Texas),2844117,7317000,5080558,2010,H,Center for Responsive Politics,,131
N00004227,Tom Latham (R-Iowa),2297428,7753415,5025421,2010,H,Center for Responsive Politics,,133
N00004645,Denny Rehberg (R-Mont),-2152987,12129996,4988504,2010,H,Center for Responsive Politics,,134
N00029444,Michael O. Johanns (R-Neb),3008038,6875000,4941519,2010,S,Center for Responsive Politics,,136
N00007727,Earl Blumenauer (D-Ore),2458047,7390993,4924520,2010,H,Center for Responsive Politics,,138
N00003845,Daniel R. Coats (R-Ind),2817054,6838000,4827527,2010,S,Center for Responsive Politics,,140
N00006347,Robert F. Bennett (R-Utah),-21958976,31346998,4694011,2010,S,Center for Responsive Politics,,141
N99999922,John G. Roberts,2575040,6205000,4390020,2010,J,Center for Responsive Politics,,150
N00001509,Paul E. Kanjorski (D-Pa),1833011,6830999,4332005,2010,H,Center for Responsive Politics,,151
N99999945,Eric K. Shinseki,2442084,6080000,4261042,2010,E,Center for Responsive Politics,,153
N00005455,Marion Berry (D-Ark),1483013,6896999,4190006,2010,H,Center for Responsive Politics,,154
N00003675,John Boehner (R-Ohio),2099107,6085000,4092053,2010,H,Center for Responsive Politics,,156
N99999908,Robert S Mueller,2005131,6000000,4002565,2010,E,Center for Responsive Politics,,157
N00007397,Pete Stark (D-Calif),-19177982,27104997,3963507,2010,H,Center for Responsive Politics,,158
N00001811,Lamar Smith (R-Texas),2086120,5765000,3925560,2010,H,Center for Responsive Politics,,160
N00031412,"John Michael Mick'' Mulvaney (R-SC)""",1514081,6310997,3912539,2010,H,Center for Responsive Politics,,161
N00003028,Robert B. Aderholt (R-Ala),1491019,6267000,3879009,2010,H,Center for Responsive Politics,,163
N00029018,Tom Rooney (R-Fla),1384013,6312999,3848506,2010,H,Center for Responsive Politics,,164
N00001148,Carolyn McCarthy (D-NY),1678161,5829156,3753658,2010,H,Center for Responsive Politics,,169
N00007781,Peter DeFazio (D-Ore),1067020,3140996,2104008,2010,H,Center for Responsive Politics,,242
N00003328,Thad Cochran (R-Miss),974079,3227000,2100539,2010,S,Center for Responsive Politics,,243
N00002247,Howard Coble (R-NC),1282073,2810031,2046052,2010,H,Center for Responsive Politics,,246
N99999926,Samuel A. Alito,1035021,3030000,2032510,2010,J,Center for Responsive Politics,,248
N00009724,Jim Langevin (D-RI),696026,3279997,1988011,2010,H,Center for Responsive Politics,,250
N00003583,George V. Voinovich (R-Ohio),970054,2900000,1935027,2010,S,Center for Responsive Politics,,252
N00025219,Michael Burgess (R-Texas),926085,2880999,1903542,2010,H,Center for Responsive Politics,,254
N00025881,Colleen Hanabusa (D-Hawaii),1061013,2715999,1888506,2010,H,Center for Responsive Politics,,256
N99999916,Elena Kagan,1115019,2645000,1880009,2010,J,Center for Responsive Politics,,258
N00005178,"Christopher Kit"" Bond (R-Mo)""",1039046,2715000,1877023,2010,S,Center for Responsive Politics,,259
N00003950,Sander Levin (D-Mich),1497127,2196122,1846624,2010,H,Center for Responsive Politics,,262
N00000010,Dan Burton (R-Ind),1118019,2520000,1819009,2010,H,Center for Responsive Politics,,265
N00032457,Austin Scott (R-Ga),1173882,2455863,1814872,2010,H,Center for Responsive Politics,,266
N00009771,Shelley Moore Capito (R-WVa),506060,2957997,1732028,2010,H,Center for Responsive Politics,,271
N00009659,David Vitter (R-La),801061,2480000,1640530,2010,S,Center for Responsive Politics,,280
N00001619,Robert A. Brady (D-Pa),1080007,2201000,1640503,2010,H,Center for Responsive Politics,,281
N00009774,Xavier Becerra (D-Calif),611059,2565998,1588528,2010,H,Center for Responsive Politics,,285
N00026840,Charles Melancon (D-La),824047,2337000,1580523,2010,H,Center for Responsive Politics,,287
N00007479,Zoe Lofgren (D-Calif),796036,2315000,1555518,2010,H,Center for Responsive Politics,,288
N00031174,Scott P. Brown (R-Mass),835106,2250082,1542594,2010,S,Center for Responsive Politics,,289
N00004166,Vernon J. Ehlers (R-Mich),909021,2161000,1535010,2010,H,Center for Responsive Politics,,290
N00000860,Rush Holt (D-NJ),146014,2915997,1531005,2010,H,Center for Responsive Politics,,292
N99999943,Lisa P. Jackson,829035,2210000,1519517,2010,E,Center for Responsive Politics,,294
N00027459,Doris O. Matsui (D-Calif),824021,2110000,1467010,2010,H,Center for Responsive Politics,,297
N00026314,Cathy McMorris Rodgers (R-Wash),421020,2254998,1338009,2010,H,Center for Responsive Politics,,303
N00005998,Solomon P. Ortiz (D-Texas),831009,1815000,1323004,2010,H,Center for Responsive Politics,,305
N00030267,Michael E. McMahon (D-NY),616007,2014999,1315503,2010,H,Center for Responsive Politics,,307
N00030949,Tom Reed (R-NY),784011,1810999,1297505,2010,H,Center for Responsive Politics,,308
N00031128,Bob Gibbs (R-Ohio),533041,2059998,1296519,2010,H,Center for Responsive Politics,,309
N00025413,Timothy H. Bishop (D-NY),851005,1715000,1283002,2010,H,Center for Responsive Politics,,311
N00031304,George S. Lemieux (R-Fla),677038,1880000,1278519,2010,S,Center for Responsive Politics,,312
N00006981,Brian P. Bilbray (R-Calif),1111014,1434004,1272509,2010,H,Center for Responsive Politics,,313
N00006134,Diana DeGette (D-Colo),724025,1810000,1267012,2010,H,Center for Responsive Politics,,314
N00000267,Michael E. Capuano (D-Mass),261028,2262995,1262011,2010,H,Center for Responsive Politics,,315
N00003813,Pete Visclosky (D-Ind),664024,1786000,1225012,2010,H,Center for Responsive Politics,,316
N00005285,Pat Roberts (R-Kan),27049,2412997,1220023,2010,S,Center for Responsive Politics,,317
N00029260,Ann Kirkpatrick (D-Ariz),705022,1675000,1190011,2010,H,Center for Responsive Politics,,319
N00008094,Howard L. Berman (D-Calif),1139171,1224169,1181670,2010,H,Center for Responsive Politics,,320
N00027514,Kathy Castor (D-Fla),575035,1753000,1164017,2010,H,Center for Responsive Politics,,324
N00009795,Candice S. Miller (R-Mich),632022,1682000,1157011,2010,H,Center for Responsive Politics,,326
N00005645,Ralph M. Hall (R-Texas),750006,1550000,1150003,2010,H,Center for Responsive Politics,,328
N00024753,Mike Coffman (R-Colo),450008,1849998,1150003,2010,H,Center for Responsive Politics,,329
N00027605,Jon Tester (D-Mont),752004,1530000,1141002,2010,S,Center for Responsive Politics,,330
N00003264,Lincoln Davis (D-Tenn),750002,1500000,1125001,2010,H,Center for Responsive Politics,,334
N00006397,Ed Pastor (D-Ariz),614012,1529998,1072005,2010,H,Center for Responsive Politics,,339
N00000275,Barney Frank (D-Mass),619024,1510000,1064512,2010,H,Center for Responsive Politics,,341
N00027902,Zachary T. Space (D-Ohio),371015,1751996,1061505,2010,H,Center for Responsive Politics,,342
N00009585,Adam Schiff (D-Calif),544032,1560000,1052016,2010,H,Center for Responsive Politics,,343
N00006690,Maxine Waters (D-Calif),-3495980,5521998,1013009,2010,H,Center for Responsive Politics,,346
N00027658,Kirsten Gillibrand (D-NY),631006,1365000,998003,2010,S,Center for Responsive Politics,,347
N00007653,Daniel K. Akaka (D-Hawaii),619008,1362000,990504,2010,S,Center for Responsive Politics,,348
N00030668,Bobby Schilling (R-Ill),487008,1489998,988503,2010,H,Center for Responsive Politics,,349
N00027510,Edwin G. Perlmutter (D-Colo),513038,1422000,967519,2010,H,Center for Responsive Politics,,352
N00002858,Ileana Ros-Lehtinen (R-Fla),604008,1311000,957504,2010,H,Center for Responsive Politics,,356
N00009753,Jim Matheson (D-Utah),543025,1370000,956512,2010,H,Center for Responsive Politics,,357
N00007876,Patty Murray (D-Wash),513018,1320000,916509,2010,S,Center for Responsive Politics,,360
N00004403,Ron Kind (D-Wis),202024,1616997,909510,2010,H,Center for Responsive Politics,,361
N00002328,Melvin L. Watt (D-NC),399043,1411000,905021,2010,H,Center for Responsive Politics,,362
N00029574,Steve Stivers (R-Ohio),431038,1323000,877019,2010,H,Center for Responsive Politics,,366
N00027829,Gabrielle Giffords (D-Ariz),291035,1439998,865516,2010,H,Center for Responsive Politics,,367
N00001143,Gary Ackerman (D-NY),457022,1267999,862510,2010,H,Center for Responsive Politics,,370
N00026425,Connie Mack (R-Fla),-3927,1715999,856036,2010,H,Center for Responsive Politics,,371
N00001093,Charles E. Schumer (D-NY),472019,1230000,851009,2010,S,Center for Responsive Politics,,372
N00007999,Don Young (R-Alaska),480007,1200000,840003,2010,H,Center for Responsive Politics,,375
N00004905,Don Manzullo (R-Ill),466008,1190999,828503,2010,H,Center for Responsive Politics,,376
N00008091,Spencer Bachus (R-Ala),452019,1194999,823509,2010,H,Center for Responsive Politics,,379
N99999918,Clarence Thomas,515003,1125000,820001,2010,J,Center for Responsive Politics,,380
N00000851,Frank A. LoBiondo (R-NJ),386806,1217793,802299,2010,H,Center for Responsive Politics,,384
N00001222,Maurice Hinchey (D-NY),436018,1165000,800509,2010,H,Center for Responsive Politics,,385
N00025175,Michael R. Turner (R-Ohio),219071,1342000,780535,2010,H,Center for Responsive Politics,,388
N00030836,Rand Paul (R-Ky),278019,1269999,774009,2010,S,Center for Responsive Politics,,389
N00005282,Jerry Moran (R-Kan),385018,1151000,768009,2010,S,Center for Responsive Politics,,393
N00009829,Jim McDermott (D-Wash),729258,806254,767756,2010,H,Center for Responsive Politics,,394
